country,rank,area,landAreaKm,cca2,cca3,netChange,growthRate,worldPercentage,density,densityMi,place,pop1980,pop2000,pop2010,pop2022,pop2023,pop2030,pop2050
Bosnia and Herzegovina,137,51209.0,51200.0,BA,BIH,-0.0006,-0.007,0.0004,62.7119,162.4237,70,4199820,4179350,3811088,3233526,3210847,3111789,2739014
United States,3,9372610.0,9147420.0,US,USA,0.0581,0.005,0.0425,37.1686,96.2666,840,223140018,282398554,311182845,338289857,339996563,352162301,375391963
Estonia,156,45227.0,42750.0,EE,EST,-0.0001,-0.0025,0.0002,30.9419,80.1394,233,1476983,1396877,1331535,1326062,1322765,1289441,1171695
Armenia,140,29743.0,28470.0,AM,ARM,0.0,-0.0009,0.0003,97.5753,252.7201,51,3135123,3168523,2946293,2780469,2777970,2759528,2573465
Venezuela,52,916445.0,882050.0,VE,VEN,0.0179,0.019,0.0036,32.6949,84.6797,862,15210443,24427729,28715022,28301696,28838499,32027461,35937404
Croatia,130,56594.0,55960.0,HR,HRV,-0.0007,-0.0054,0.0005,71.6336,185.5311,191,4680144,4548434,4368682,4030358,4008617,3850140,3333425
Curacao,189,444.0,444.0,CW,CUW,0.0,0.0048,0.0,432.6059,1120.4492,531,156851,141424,159380,191163,192077,197829,204084
Niger,54,1267000.0,1266700.0,NE,NER,0.0321,0.038,0.0034,21.4754,55.6212,562,6173177,11622665,16647543,26207977,27202843,35217942,67043296
Turkey,18,783562.0,783562.0,TR,TUR,0.0143,0.0056,0.0107,109.5206,283.6584,792,44089069,64113547,73195345,85341241,85816199,88879698,95829258
British Virgin Islands,221,151.0,150.0,VG,VGB,0.0,0.0074,0.0,210.2533,544.5561,92,11109,20104,27556,31305,31538,32995,34768
North Macedonia,150,25713.0,25220.0,MK,MKD,-0.0002,-0.0038,0.0003,82.6994,214.1915,807,1907023,2037936,2093828,2093599,2085679,2072256,1909309
Mali,58,1240192.0,1220190.0,ML,MLI,0.0225,0.031,0.0029,19.0902,49.4437,466,7372581,11239101,15529181,22593590,23293698,28712294,47439802
Chad,67,1284000.0,1259200.0,TD,TCD,0.0178,0.0313,0.0023,14.516,37.5965,148,4408230,8259137,11894727,17723315,18278568,22460393,36452035
El Salvador,112,21041.0,20720.0,SV,SLV,0.001,0.0045,0.0008,307.1884,795.6179,222,4508992,5958482,6114034,6336392,6364943,6554224,6636854
Jordan,83,89342.0,88794.0,JO,JOR,0.0014,0.0045,0.0014,127.6781,330.6864,400,2216903,5056174,6931258,11285869,11337052,11933395,15005941
Martinique,180,1128.0,1128.0,MQ,MTQ,0.0,-0.0014,0.0,325.3378,842.6248,474,333786,432543,392181,367507,366981,362472,330121
Vietnam,16,331212.0,313429.0,VN,VNM,0.0208,0.0068,0.0123,315.411,816.9145,704,52968270,79001142,87411012,98186856,98858950,102699905,107012939
Malaysia,46,330803.0,328550.0,MY,MYS,0.0116,0.0109,0.0043,104.4241,270.4583,458,13215707,22945150,28717731,33938221,34308525,36687569,41032433
Jersey,195,116.0,120.0,JE,JEY,0.0,0.0092,0.0,931.6833,2413.0598,832,75124,86192,96151,110778,111802,119047,135441
Ireland,125,70273.0,68890.0,IE,IRL,0.0011,0.0067,0.0006,73.4059,190.1214,372,3391387,3768950,4524585,5023109,5056935,5266881,5724686
Belgium,82,30528.0,30280.0,BE,BEL,0.0009,0.0026,0.0015,385.9359,999.5741,56,9828986,10264343,10877947,11655930,11686140,11873460,12090657
Eritrea,131,117600.0,121040.8,ER,ERI,0.0021,0.0176,0.0005,30.9722,80.218,232,1657982,2392880,3147727,3684032,3748901,4283355,5964021
Bulgaria,110,110879.0,108560.0,BG,BGR,-0.0027,-0.0139,0.0008,61.6039,159.554,100,8980606,8097691,7592273,6781953,6687717,6290166,5187392
Egypt,14,1002450.0,995450.0,EG,EGY,0.0551,0.0156,0.0141,113.2318,293.2704,818,43748556,71371371,87252413,110990103,112716598,125151725,160339889
Romania,64,238391.0,230080.0,RO,ROU,-0.0103,0.0119,0.0025,86.4604,223.9325,642,22125224,21919876,20335211,19659267,19892812,19023383,17457213
Reunion,161,2511.0,2512.0,RE,REU,0.0002,0.008,0.0001,390.8424,1012.2817,638,551674,785424,890130,974052,981796,1031822,1127252
Benin,77,112622.0,112760.0,BJ,BEN,0.0115,0.027,0.0017,121.6107,314.9718,204,3833939,6998023,9445710,13352864,13712828,16393827,25264035
Kiribati,192,811.0,810.0,KI,KIR,0.0001,0.0174,0.0,164.8333,426.9183,296,60813,88826,107995,131232,133515,148720,188570
Guam,191,549.0,540.0,GU,GUM,0.0,0.0069,0.0,320.2815,829.529,316,110286,160188,164905,171774,172952,180746,195673
Czech Republic,89,78865.0,77198.5,CZ,CZE,0.0003,0.0001,0.0013,135.9521,352.1158,203,10270060,10234710,10464749,10493986,10495295,10515199,10577126
Belarus,97,207600.0,202980.0,BY,BLR,-0.0014,-0.0039,0.0012,46.794,121.1964,112,9817257,10256483,9731427,9534954,9498238,9206170,8409632
Montserrat,230,102.0,102.0,MS,MSR,,-0.0009,,43.0,111.37,500,11452,5138,4938,4390,4386,4301,3781
Belize,177,22966.0,22810.0,BZ,BLZ,0.0002,0.0137,0.0001,18.0107,46.6478,84,145133,240406,322106,405272,410825,450428,538838
Malawi,62,118484.0,94280.0,MW,MWI,0.0169,0.0258,0.0026,222.0169,575.0237,454,6267369,11229387,14718422,20405317,20931751,24944243,37159300
Cameroon,53,475442.0,472710.0,CM,CMR,0.0235,0.0263,0.0036,60.6023,156.9598,120,8519891,15091594,19878036,27914536,28647293,34051103,51279560
Jamaica,139,10991.0,10830.0,JM,JAM,0.0,-0.0006,0.0004,260.8997,675.7303,388,2135546,2612205,2733896,2827377,2825544,2804356,2493823
Guinea-Bissau,148,36125.0,28120.0,GW,GNB,0.0014,0.0215,0.0003,76.488,198.1039,624,831462,1230849,1567220,2105566,2150842,2484863,3445289
Morocco,39,446550.0,446300.0,MA,MAR,0.012,0.0102,0.0047,84.7861,219.596,504,19678444,28554415,32464865,37457971,37840044,40226395,45044990
Zambia,63,752612.0,743390.0,ZM,ZMB,0.0178,0.0276,0.0026,27.6702,71.6658,894,5720438,9891136,13792086,20017675,20569737,24676417,37460435
Greenland,208,2166086.0,410450.0,GL,GRL,0.0,0.0031,0.0,0.138,0.3574,304,50106,56184,56351,56466,56643,57152,53997
Djibouti,160,23200.0,23180.0,DJ,DJI,0.0005,0.0139,0.0001,49.0274,126.981,262,324121,742033,919199,1120849,1136455,1247129,1502575
Portugal,93,92090.0,91605.6,PT,PRT,-0.0008,-0.0023,0.0013,111.8666,289.7344,620,9785252,10300626,10588401,10270865,10247605,10062183,9261305
Afghanistan,36,652230.0,652230.0,AF,AFG,0.0357,0.027,0.0053,64.7622,167.7341,4,12486631,19542982,28189672,41128771,42239854,50330837,74075234
Netherlands,72,41850.0,33670.0,NL,NLD,0.0017,0.0031,0.0022,523.264,1355.2538,528,14130387,15899135,16617117,17564014,17618299,17943803,17897025
Saint Martin,220,53.0,50.0,MF,MAF,0.0,0.009,0.0,641.54,1661.5886,663,7776,29610,36458,31791,32077,33508,35453
Slovakia,116,49037.0,49035.0,SK,SVK,-0.0033,0.0269,0.0007,118.1849,306.099,703,4973883,5376690,5396424,5643453,5795199,5555114,5186967
Saint Kitts and Nevis,211,261.0,260.0,KN,KNA,0.0,0.0021,0.0,183.6731,475.7133,659,43097,45461,47403,47657,47755,48247,46882
Sweden,87,450295.0,407283.5,SE,SWE,0.002,0.0059,0.0013,26.0558,67.4844,752,8311763,8871043,9381729,10549347,10612086,11007228,11902033
Thailand,20,513120.0,510890.0,TH,THA,0.003,0.0015,0.009,140.5416,364.0026,764,45737753,63066603,68270489,71697030,71801279,72060018,67880083
American Samoa,214,199.0,200.0,AS,ASM,0.0,-0.0081,0.0,219.57,568.6863,16,32886,58230,54849,44273,43914,41142,33557
Sao Tome and Principe,187,964.0,960.0,ST,STP,0.0001,0.0197,0.0,241.5167,625.5282,678,97210,143714,182138,227380,231856,265036,366663
Palestine,121,6220.0,6020.0,PS,PSE,0.0039,0.0231,0.0007,892.2309,2310.878,275,1453620,3139954,3992278,5250072,5371230,6256949,8861747
Puerto Rico,136,8870.0,8870.0,PR,PRI,0.0003,0.0024,0.0004,367.5664,951.997,630,3214568,3827108,3717922,3252407,3260314,3259722,2727624
Guyana,164,214969.0,196850.0,GY,GUY,0.0002,0.0063,0.0001,4.1343,10.7078,328,778176,759051,747932,808726,813834,848033,878746
Iraq,35,438317.0,434128.0,IQ,IRQ,0.0322,0.0227,0.0057,104.8183,271.4794,368,13653369,24628858,31264875,44496122,45504560,52800825,74515140
Hong Kong,104,1104.0,1050.0,HK,HKG,0.0002,0.0004,0.0009,7134.8657,18479.3022,344,4978544,6731195,7132438,7488865,7491609,7485887,6975391
Madagascar,50,587041.0,581800.0,MG,MDG,0.023,0.0241,0.0038,52.124,135.0011,450,8948162,16216431,21731053,29611714,30325732,35604443,51592965
Albania,138,28748.0,27400.0,AL,ALB,-0.0003,-0.0035,0.0004,103.3737,267.7378,8,2941651,3182021,2913399,2842321,2832439,2789599,2456472
Falkland Islands,231,12173.0,12173.0,FK,FLK,,0.0029,,0.3114,0.8066,238,2240,3080,3187,3780,3791,3869,3779
China,2,9706961.0,9424702.9,CN,CHN,-0.0113,-0.0002,0.1781,151.2696,391.7884,156,982372466,1264099069,1348191368,1425887337,1425671352,1415605906,1312636325
Mayotte,181,374.0,374.0,YT,MYT,0.0003,0.0303,0.0,898.3824,2326.8103,175,52233,159215,211786,326101,335995,407579,664141
Andorra,203,468.0,470.0,AD,AND,0.0,0.0033,0.0,170.4,441.336,20,35611,66097,71519,79824,80088,81528,80504
Uzbekistan,43,447400.0,440650.0,UZ,UZB,0.0166,0.0155,0.0044,79.8002,206.6824,860,15947129,24925554,28614227,34627652,35163944,38313228,45593149
Somalia,69,637657.0,627340.0,SO,SOM,0.0176,0.031,0.0023,28.9211,74.9057,706,5892224,8721465,12026649,17597511,18143378,22316857,36462830
Canada,38,9984670.0,8965590.0,CA,CAN,0.0104,0.0085,0.0048,4.3256,11.2032,124,24511510,30683313,33963412,38454327,38781291,41008596,45890819
Norway,119,323802.0,364285.0,NO,NOR,0.0013,0.0074,0.0007,15.0277,38.9217,578,4085776,4491202,4889741,5434319,5474360,5748397,6367559
France,23,551695.0,547557.0,FR,FRA,0.004,0.002,0.0081,118.2646,306.3052,250,53713830,58665453,62444567,64626628,64756584,65543452,65827072
Dominica,204,751.0,750.0,DM,DMA,0.0,0.0042,0.0,97.3867,252.2315,212,72978,68346,68755,72737,73040,74988,74167
South Korea,29,100210.0,97600.0,KR,KOR,-0.0012,-0.0006,0.0065,530.5744,1374.1876,410,38170501,46788591,48813042,51815810,51784059,51290214,45770874
Uruguay,135,181034.0,175020.0,UY,URY,0.0,0.0001,0.0004,19.5584,50.6562,858,2953750,3292224,3352651,3422794,3423108,3423372,3337143
Austria,100,83871.0,82520.0,AT,AUT,0.0006,0.0022,0.0011,108.5671,281.1889,40,7547561,8010428,8362829,8939617,8958960,9054576,8924190
Angola,42,1246700.0,1246700.0,AO,AGO,0.0352,0.0308,0.0046,29.425,76.2109,24,8330047,16394062,23364185,35588987,36684202,44911664,72328068
Sint Maarten,213,34.0,34.0,SX,SXM,0.0,0.0011,0.0,1300.6471,3368.6759,534,12243,30489,33034,44175,44222,44946,38947
Macau,167,32.9,32.9,MO,MAC,0.0003,0.0129,0.0001,21402.7052,55433.0064,446,245332,431896,557297,695168,704149,763371,881666
Slovenia,149,20273.0,20136.4,SI,SVN,0.0,-0.0001,0.0003,105.2658,272.6385,705,1901570,1984339,2057287,2119844,2119675,2105945,2003258
Montenegro,169,13812.0,13450.0,ME,MNE,0.0,-0.001,0.0001,46.5788,120.6391,499,589324,633324,631044,627082,626485,621696,586385
Chile,65,756102.0,743532.0,CL,CHL,0.0009,0.0013,0.0025,26.4005,68.3772,152,11469828,15351799,17004162,19603733,19629590,19933769,20675378
Costa Rica,124,51100.0,51060.0,CR,CRI,0.0011,0.006,0.0007,102.0794,264.3856,188,2414303,3979193,4622252,5180829,5212173,5432243,5702525
Libya,107,1759540.0,1759540.0,LY,LBY,0.0024,0.0112,0.0009,3.9149,10.1395,434,2962720,5154790,6491988,6812341,6888388,7394813,8539976
Ghana,47,238533.0,227533.0,GH,GHA,0.0206,0.0193,0.0043,149.965,388.4093,288,11865246,19665502,25574719,33475870,34121985,38775850,52231785
North Korea,56,120538.0,120410.0,KP,PRK,0.0028,0.0035,0.0033,217.2645,562.7151,408,17973650,23367059,24686435,26069416,26160821,26569401,25807197
French Guiana,183,83534.0,83534.0,GF,GUF,0.0002,0.0249,0.0,3.7369,9.6785,254,66825,164351,228453,304557,312155,366669,532459
Brazil,7,8515767.0,8358140.0,BR,BRA,0.0393,0.0052,0.027,25.8936,67.0645,76,122288383,175873720,196353492,215313498,216422446,223908968,230885725
Tuvalu,227,26.0,30.0,TV,TUV,0.0,0.0074,0.0,379.8667,983.8547,798,7731,9638,10550,11312,11396,11917,13211
Qatar,143,11586.0,11490.0,QA,QAT,0.0007,0.0079,0.0003,236.4135,612.3109,634,277450,645937,1713504,2695122,2716391,2855291,3358454
Cayman Islands,205,264.0,240.0,KY,CYM,0.0,0.0088,0.0,288.7917,747.9704,136,17100,39658,54074,68706,69310,72865,77633
Bermuda,206,54.0,54.0,BM,BMU,0.0,-0.0018,0.0,1186.463,3072.9391,60,53565,61371,63447,64184,64069,62806,56041
Trinidad and Tobago,153,5130.0,5130.0,TT,TTO,0.0001,0.0025,0.0002,299.208,774.9487,780,1127852,1332203,1410296,1531044,1534937,1547690,1485139
Botswana,144,582000.0,566730.0,BW,BWA,0.0014,0.0171,0.0003,4.7207,12.2266,72,938578,1726985,2091664,2630296,2675352,2972271,3679340
Singapore,114,710.0,718.0,SG,SGP,0.0012,0.0065,0.0008,8377.0515,21696.5635,702,2400729,4053602,5163590,5975689,6014723,6251988,6337235
Mozambique,48,801590.0,786380.0,MZ,MOZ,0.0302,0.0281,0.0042,43.1056,111.6434,508,11413587,17768505,23073723,32969518,33897354,40920707,63044497
Nicaragua,106,130373.0,120340.0,NI,NIC,0.0031,0.0141,0.0009,58.5533,151.6532,558,3303309,5123222,5855734,6948392,7046310,7688686,9094641
Bhutan,165,38394.0,38140.0,BT,BTN,0.0002,0.0064,0.0001,20.6456,53.4722,64,415257,587207,705516,782455,787424,821498,874294
Italy,25,301336.0,295717.0,IT,ITA,-0.0054,-0.0028,0.0074,199.078,515.6121,380,56329482,56966397,59822450,59037474,58870762,57544258,52250484
Nepal,49,147181.0,143350.0,NP,NPL,0.011,0.0114,0.0039,215.5325,558.2293,524,15600442,24559500,27161567,30547580,30896590,33133395,37401365
Spain,32,505992.0,499556.6,ES,ESP,-0.0014,-0.0008,0.0059,95.1236,246.3702,724,37491666,40741651,46572772,47558630,47519628,47076573,44219565
Saudi Arabia,40,2149690.0,2149690.0,SA,SAU,0.0169,0.0148,0.0046,17.1871,44.5147,682,10171710,21547390,29411929,36408820,36947025,40461368,48374543
Monaco,217,2.02,2.0,MC,MCO,0.0,-0.0047,0.0,18148.5,47004.615,492,27076,32465,33178,36469,36297,35862,37664
Aruba,198,180.0,180.0,AW,ABW,0.0,-0.0016,0.0,590.4278,1529.2079,533,62267,89101,100341,106445,106277,104924,94185
South Africa,24,1221037.0,1213090.0,ZA,ZAF,0.0173,0.0087,0.0075,49.8022,128.9876,710,29463549,46813266,51784921,59893885,60414495,64659278,73529753
